createdAt,_id,discordId,username,address,modifiedAt,github,discourse
1644416954915,6203d47051cd90f778795483,318552163649454081,hz#8826,0xCaBFC0285B3d24dF713D8e8E9139628cCA0F2b2d,1645657439732,,
1644416954915,62177f2429cb70d41e11ca44,388384931102982154,kristofer#1475,0xa32aECda752cF4EF89956e83d60C04835d4FA867,1655065839911,kristoferlund,kristoferlund
1655146690333,62a89a7f1d19e68bc02f6b6f,884439603401089054,mattyjee#8621,0x182312C44a219fD492F3aE177D11120a3CcD2EF3,1655217016044,mattyg,mattyjee
1655223494967,62a8b6e41d19e68bc09d854c,769621045489172480,EFRA#7972,0x438cDDcc8E6f0E0E18CE33F6b5a8fFCFAb5A999c,1655224298066,efraeb,Efra
1655226584787,62a8c4941d19e68bc0d01890,587095069115285524,acidlazzer#5796,0x8aA27E90E139d5AB5704df69429341cbCb2d2464,1656018511654,acidlazzer,acidlazzer
1655318726621,62ab50765f2661c46bd08603,288019500132073472,divine_comedian#5493,0x320c338BCF70bAAaE26e96201C33B48105Bc62C2,1655397034049,divine-comedian,divine_comedian
1655398793010,62ab621c5f2661c46b1571a2,727934296387616848,chuygarcia.eth#6692,0xB22981bA3FE1De2325935c91a3B717168fB86714,1655399321871,chuygarcia92,chuygarcia92
1655398793010,62ab62595f2661c46b167517,751417874886688798,Tam2140#9361,0xcf79C7EaEC5BDC1A9e32D099C5D6BdF67E4cF6e8,1655927041680,tamarandom,Tamara
1655398793010,62ab62675f2661c46b16b802,183879548394274816,Zeptimus#3359,0xaa79B87DC8B046A5E4f7D03F1562D7fe5BF98737,1659002348743,Zeptimus,ZeptimusQ
1655398793010,62ab63b25f2661c46b1b8ae7,249005209710362624,durgadas#9280,0xfF6d6a7718A234A84f740480Dbb07f6c09cF1cD5,1655399673844,durgadasji,durgadas
1655405240372,62ab7d7f5f2661c46b783bea,343470788491476992,GideonRo#3175,0xB08F0ca73E8A59a1b7970e22B8ed2F9142c3fA53,1655406079444,,gideonro
1655405240372,62ab7ee45f2661c46b7d988e,452115639381786624,enti#1546,0x6897aBe0fD62B589260784B21F4ca3F78A0D8017,1655406412645,,enti
1655405240372,62ab8fa05f2661c46bbcf7b8,843863654293176410,christianDike#6344,0xa11Ddb173BBE677dA658B2Ac964114b7391Aa2a5,1655410592919,,
1655405240372,62ab97475f2661c46bdab241,766413634607775774,Rohekbenitez#8753,0x6C965b656C450259a6D4d95A2E68Fb4319EecBc0,1655905465259,,Rohekbenitez
1655405240372,62abee485f2661c46b190ac9,530682470232883210,innov8tor3#3988,0xBCAD90F4a1ED4067d9bC33D4089FF18A82250253,1656664774152,,
1655405240372,62abf7a35f2661c46b39ebc7,908799381229154314,boonjue.eth#7124,0xEf0391ccbebf15fc84334D9630255093754cDAAB,1655438475513,Boonjue,boonjue.eth
1655405240372,62acaa0914619ca5330fffa6,805467270762856490,bends#3537,0x1E975f53956d644868F3eA25690b1bbEda658565,1655483319740,,bends
1655493819518,62ad174514619ca5338b96c8,250086586450968576,mZ#3472,0xDF290293C4A4d6eBe38Fd7085d7721041f927E0a,1655511055862,mzargham,mzargham
1655493819518,62b04b4759f2836364e473a1,480023322080444427,liviade#1387,0xF8D1d34956cEa24718cf8687588D6FeDbc6d9AA6,1655901427051,liviade1,liviade
1655834307779,62b22bdf59f2836364218c00,714915268329078894,Nuggan#5183,0x0Bf920dfE6D36829aB5b0e153857D4CA689E46fB,1655844052632,0xNuggan,0xNuggan
1655844126186,62b2329259f28363643b8320,492394339532800020,karmaticacid#1218,0xC46c67Bb7E84490D7EbdD0b8ecDaca68Cf3823F4,1655845758354,laurenluz,laurenluz
1655844126186,62b308a159f2836364a24614,165910079416041473,PhilH#1102,0xAa01DeC5307CF17F20881A3286dcaA062578cea7,1658571068968,PhilH,philh
1655844126186,62b3149259f2836364d04a1e,433877864849473557,KZ Flyer#0926,0x343EF442adD9bd565D51b606f444F9221AD0Aeb6,1655904746317,KZFlyer,KZFlyer
1655844126186,62b31d4a59f2836364f10a6e,440281764204642314,Santiago#0325,0x224aBa5D489675a7bD3CE07786FAda466b46FA0F,1655905951970,santteegt,santteegt
1655844126186,62b32af959f28363642476e5,704131286448734289,taxil#8577,0xd26E23aAA39F29e07b299DA734C77765F6866A0E,1655909462398,taxxil,taxil
1655917900363,62b34d7959f2836364a68706,144927134492786688,Maxwe11#7157,0x3F20a6fE04b3A4b37bBBBea826ae23be56Baed74,1655918127351,,Maxwe11
1655921475784,62b3642859f2836364fad0c0,640772328380170271,Usua‚óé Silver#2618,0x914C0E63F98a091e74b7c5e78993bB8de735aE74,1655923752335,,
1655921475784,62b38e2f59f28363649a7378,902543185367142400,pat.zip (TE Academy)#5266,0x9F6b969Ee3F9C2b0a528b3029049e34BBD4bdB49,1655934882993,PatriciaTEA,pat.zip
1655921475784,62b3cae259f28363647ce168,659828514924658688,ygg_anderson#4998,0x763d7D362B59aeA3858a92a302e18cd41b1252d4,1655950252828,LinuxIsCool,ygg_anderson
1655921475784,62b40f9159f2836364937994,336423896599232512,r33pich33p#6906,0x4318cC449b1cbE6d64dd82E16abE58C79E076C2B,1655967894047,csggene3,gene
1655921475784,62b4162b59f2836364adc81e,765317807952494634,heater#9765,0x57F540a736a647EF2d2Ef9Cd823C4a4e655858a4,1655969392450,,Heater
1655921475784,62b459bd59f2836364b7aa6b,762291726768799774,freshelle#9882,0x38f80f8f76B1C44B2beeFB63bb561F570fb6ddB6,1655986825697,freshelle,freshelle
1655921475784,62b4730c59f28363641d4f77,396868632455413772,sanath.eth#6240,0x50fd325ff884eB1a0c4bcFeaf0B7f19930AaFDe3,1655993100126,,
1655921475784,62b4817359f283636458faf1,869940637594714183,BiancaGadelha#2667,0x1375847014BA64517210cBFE185808232Cf45d4a,1655996787940,,
1656009509648,62b4b78d59f2836364565215,489914064919855114,zcstarr#7166,0xe89C2545e4e05A79D21351CdEeDa4651ca48DeBc,1656010818682,zcstarr,
1656009509648,62b4d1c759f2836364d4b965,593885652693549067,Santana22#4210,0x0e950e75B652878E6A3D3Ecb6E5797452A918A05,1656017351887,,
1656009509648,62b4d3f559f2836364df0fa2,667979309457080340,nic#9212,0x88B353202e61fffeF56bbfbc2748839e7C707e9F,1656018594672,saunic,nic
1656009509648,62b5a16259f28363649c8dbe,573648007384530954,eduardovegap#0422,0x1d921dff757610FbDB0073479e12c0a07d382677,1656070760207,eduardovegap,vegayp
1656433193795,62bb398a59f2836364941040,427964041764274177,s_ben#7872,0x4B7C0Da1C299Ce824f55A0190Efb13663442FA2c,1656437130069,,
1656524949217,62bc920559f2836364099541,772107197240311848,anna-marie#8824,0x8041748a2A16e9B7A3980107f4376774421642c8,1656525317073,,
1656524949217,62bcbf7559f2836364d0786e,807036672302383115,r-x-x#8344,0x1409a9ef3450D5d50aAd004f417436e772FbF8fC,1656536949135,,
1656524949217,62bcc1a959f2836364da5cd9,836393532348170261,Maxxx#5351,0x2D9319dE02b8a02d40ED7ABB5D69c6bd7A7f9cb2,1656538644265,Maxxx8,max
1656524949217,62bd37a259f2836364de10a5,852863761320509471,makkiyzy#9575,0xab0369495b3e4252AA1845fe0AD86a1dB9B0e650,1656567714029,,
1656524949217,62bd47c859f28363643039f2,842640544101433354,lee0007#8152,0x3E31155a1c17c9F85e74828447aec412090a4622,1656572003690,,lee0007
1656524949217,62bd541e59f28363646abcb8,786574925951008788,Suga#8514,0x2fEe53687906bA239602eD42CCEee2aC8A4ADa36,1656584830610,danelsuga,Suga
1656703453981,62bf6f6a59f2836364b6269c,451536367609053197,ParkChuYong#5628,0x90D17752E16bDfadC7c37A75a354B2Db59A4331D,1656715108104,cryptojr,ParkChuYong
1657121479846,62c68d1d59f28363640a24eb,692168538181599232,mateodaza#3156,0x00d18ca9782bE1CaEF611017c2Fbc1a39779A57C,1657179421327,,
1657217793697,62c849ea59f28363645b49df,379260345228722176,Mettodo#7010,0x7710E7e881333Fd3396Ca5966BeD6E72746b612D,1657293738578,Mettodo,mettodo
1657298706144,62c9faf559f2836364207b79,836058804759691265,bear100#9085,0x47a5BA5BE900fC22AD31BEC4c1ff54Df8e67cd70,1657404904153,bearhub100,bear100
1657298706144,62cc287e955477d9f83d3a6d,216946363584348162,Costa#7828,0x741670C5085Da689944FAA9543E9aB610a00A06d,1659287418241,Costa91,Costa
1657818036199,62d06a71955477d9f8044312,655144629481635841,AmwFund#0979,0x536c7E8F18D09d04697E0d2624b44bBA575388c2,1658515840849,cranders1,cranders1
1658173387910,62d65c7469b2350fe05e880c,910181189896241242,Nebs#2035,0x16E26789b4052815d450043A637b368bfB3ea63A,1658215831549,nebs-dev,nebs
1658514161329,62dc183169b2350fe01afd3d,409477390356578324,vezir04#6711,0xc99C01351ad5a9DfcaD6c6D70003f490BcC353CA,1658591281940,,
1658770152924,62dedb3669b2350fe0220686,886415190571249705,nico186#5010,0x174274DafDf87A5cc758C24A674aC61aFaB12341,1658772278112,,
1658866851792,62e118a769b2350fe00cc901,770813150672846868,Letty#5399,0x66D9dfddC3AD45d6383D5B9e9354F60Bc9D16A8e,1658919546628,,Letty
1658944734074,62e190383a6fb6d4ab714485,340686435268952064,Parrachia#0450,0xE42F8E2c4b778Fcd572C55e457ED77DB4cB20A69,1658951265254,parrachia,parrachia
1658944734074,62e1928f3a6fb6d4ab76ed3a,323858083996499969,Mike Brunt#0745,0x457Ea659aAAbD496550264c6d9d6351666f2fB4b,1658950402490,,
1658944734074,62e19a333a6fb6d4ab89a750,699811072282066945,üêô octopus#5508,0x77d40c87D423eFb7ec576e80998A48377Adf86dF,1658952242979,,
1658944734074,62e19a9b3a6fb6d4ab8ab66e,349573251959095296,Crypto Zach#6753,0xa6BBa3FD4493e614C97E1dFc39FD55759AEA4F9A,1658953004526,CryptoZach,CryptoZach
1658944734074,62e1a6703a6fb6d4abab1f8b,285851536041443328,unquale#1948,0xc91d300D342eC4EBbC61B3AE75dc5D7245109dD9,1658955404872,,
1658944734074,62e1aaf53a6fb6d4abb76a8d,434632218246381569,santigs#9769,0x9194b1713A8E07Bc47B90Fb7937E28e09b6cd100,1659003366567,Santigs,santigs
1658944734074,62e1aba63a6fb6d4abb91b4f,344928363753897986,dghelm#8125,0x151a64570e4997739458455ba4ab5A535FD2E306,1658957137470,dghelm,dghelm
1658944734074,62e1b6283a6fb6d4abd61216,126361233937924096,pKrepe#5682,0xb46a595C65F62236Eb7934b43397e0a05eA33c10,1658959736539,pkretzschmar,
1659031329615,62e2d9e03a6fb6d4ab4caa6c,749990807238607020,Juankbell#7458,0x7d547666209755FB833f9B37EebEa38eBF513Abb,1659034919627,JuankBell,Juankbell
1659038785515,62e6cb4c3a6fb6d4abeb5b4a,841963177704161281,RodriCastillo#1415,0xb0DDEa60ae36eFA8C298b46Ab342309FdFFd66cf,1659292492904,,
1659038785515,62e89fbc1efa7ae5ab6c2b3c,833469568865140757,teaci#6108,0x1bE3505328880F1f204c664d430a9d2817d9D4cc,1659412412530,,
